epoch;rtt;cp
2016-11-25 13:16:19;295.396185;0
2016-11-25 13:20:18;295.126735;0
2016-11-25 13:24:17;295.1252;0
2016-11-25 13:28:17;295.36331;0
2016-11-25 13:32:19;294.8629;0
2016-11-25 13:36:18;295.072975;0
2016-11-25 13:40:20;295.35454;0
2016-11-25 13:44:17;295.230505;0
2016-11-25 13:48:17;295.17199;0
2016-11-25 13:52:20;295.51336;0
2016-11-25 13:56:20;295.36259;0
2016-11-25 14:00:18;295.472965;0
2016-11-25 14:04:17;295.25815;0
2016-11-25 14:08:17;295.33692;0
2016-11-25 14:12:19;296.34395;0
2016-11-25 14:16:18;295.32895;0
2016-11-25 14:20:17;294.925225;0
2016-11-25 14:24:18;295.670635;0
2016-11-25 14:28:19;294.78211;0
2016-11-25 14:32:19;310.553245;1
2016-11-25 14:36:19;314.479235;0
2016-11-25 14:40:17;333.74396;0
2016-11-25 14:44:19;324.00966;0
2016-11-25 14:48:20;333.52965;0
2016-11-25 14:52:17;302.43594;0
2016-11-25 14:56:17;345.44254;0
2016-11-25 15:00:18;349.51692;0
2016-11-25 15:04:19;295.569715;0
2016-11-25 15:08:18;295.2837;0
2016-11-25 15:12:17;317.382985;0
2016-11-25 15:16:17;297.121485;0
2016-11-25 15:20:17;344.48968;0
2016-11-25 15:24:20;338.934355;0
2016-11-25 15:28:19;319.329865;0
2016-11-25 15:32:19;339.90234;0
2016-11-25 15:36:18;296.243225;0
2016-11-25 15:40:18;295.653755;0
2016-11-25 15:44:18;339.886695;0
2016-11-25 15:48:17;296.028245;0
2016-11-25 15:52:18;322.818155;0
2016-11-25 15:56:17;312.08663;1
2016-11-25 16:00:20;312.38057;0
2016-11-25 16:04:18;312.30066;0
2016-11-25 16:08:17;312.844485;0
2016-11-25 16:12:18;311.79041;0
2016-11-25 16:16:19;312.06617;0
2016-11-25 16:20:18;312.39894;0
2016-11-25 16:24:19;312.285415;0
2016-11-25 16:28:17;312.79082;0
2016-11-25 16:32:20;312.090405;0
2016-11-25 16:36:18;311.91816;0
2016-11-25 16:40:17;312.280335;0
2016-11-25 16:44:17;312.5828;0
2016-11-25 16:48:18;312.1918;0
2016-11-25 16:52:17;312.50606;0
2016-11-25 16:56:20;312.231095;0
2016-11-25 17:00:20;312.26607;0
2016-11-25 17:04:18;312.119895;0
2016-11-25 17:08:17;312.412565;0
2016-11-25 17:12:19;312.572925;0
2016-11-25 17:16:19;312.36836;0
2016-11-25 17:20:19;312.437075;0
2016-11-25 17:24:19;312.319165;0
2016-11-25 17:28:20;312.504805;0
2016-11-25 17:32:17;312.39213;0
2016-11-25 17:36:19;312.682795;0
2016-11-25 17:40:19;312.566;0
2016-11-25 17:44:18;312.318895;0
2016-11-25 17:48:19;312.402375;0
2016-11-25 17:52:19;312.484625;0
2016-11-25 17:56:20;312.4418;0
2016-11-25 18:00:19;323.76394;0
2016-11-25 18:04:18;312.72716;0
2016-11-25 18:08:18;312.53191;0
2016-11-25 18:12:17;312.337375;0
2016-11-25 18:16:19;312.18384;0
2016-11-25 18:20:19;312.57954;0
2016-11-25 18:24:20;312.58185;0
2016-11-25 18:28:17;312.904995;0
2016-11-25 18:32:18;312.46467;0
2016-11-25 18:36:20;312.574165;0
2016-11-25 18:40:17;312.1299;0
2016-11-25 18:44:17;312.437575;0
2016-11-25 18:48:17;312.213855;0
2016-11-25 18:52:17;312.161185;0
2016-11-25 18:56:17;313.090495;0
2016-11-25 19:00:19;312.391145;0
2016-11-25 19:04:19;312.14041;0
2016-11-25 19:08:18;312.34833;0
2016-11-25 19:12:20;312.617745;0
2016-11-25 19:16:18;312.43085;0
2016-11-25 19:20:18;312.31539;0
2016-11-25 19:24:20;312.493405;0
2016-11-25 19:28:18;312.32676;0
2016-11-25 19:32:18;312.55766;0
2016-11-25 19:36:18;312.76117;0
2016-11-25 19:40:18;312.37056;0
2016-11-25 19:44:19;312.52944;0
2016-11-25 19:48:17;312.59414;0
2016-11-25 19:52:18;312.229845;0
2016-11-25 19:56:20;313.00059;0
2016-11-25 20:00:18;312.582385;0
2016-11-25 20:04:17;312.450425;0
2016-11-25 20:08:17;312.326255;0
2016-11-25 20:12:20;315.429055;0
2016-11-25 20:16:20;312.614115;0
2016-11-25 20:20:17;312.760035;0
2016-11-25 20:24:17;312.854485;0
2016-11-25 20:28:18;312.618065;0
2016-11-25 20:32:17;312.84097;0
2016-11-25 20:36:19;312.50739;0
2016-11-25 20:40:18;312.770695;0
2016-11-25 20:44:19;313.06882;0
2016-11-25 20:48:20;312.4486;0
2016-11-25 20:52:18;312.51465;0
2016-11-25 20:56:19;312.74193;0
2016-11-25 21:00:19;312.347895;0
2016-11-25 21:04:19;311.982335;0
2016-11-25 21:08:17;312.56366;0
2016-11-25 21:12:20;312.63693;0
2016-11-25 21:16:19;312.814195;0
2016-11-25 21:20:20;312.427685;0
2016-11-25 21:24:18;312.66503;0
2016-11-25 21:28:20;312.349615;0
2016-11-25 21:32:18;312.47051;0
2016-11-25 21:36:18;312.104765;0
2016-11-25 21:40:19;312.650305;0
2016-11-25 21:44:19;312.532815;0
2016-11-25 21:48:17;312.514215;0
2016-11-25 21:52:20;312.85077;0
2016-11-25 21:56:18;312.56774;0
2016-11-25 22:00:18;314.150455;0
2016-11-25 22:04:17;312.63698;0
2016-11-25 22:08:18;312.55159;0
2016-11-25 22:12:20;312.70367;0
2016-11-25 22:16:18;289.3722;1
2016-11-25 22:20:18;289.374205;0
2016-11-25 22:24:17;289.55016;0
2016-11-25 22:28:17;289.721755;0
2016-11-25 22:32:17;289.706345;0
2016-11-25 22:36:20;289.907735;0
2016-11-25 22:40:20;289.289935;0
2016-11-25 22:44:17;289.472465;0
2016-11-25 22:48:17;288.9315;0
2016-11-25 22:52:20;289.20961;0
2016-11-25 22:56:17;289.841075;0
2016-11-25 23:00:17;289.199325;0
2016-11-25 23:04:18;289.36817;0
2016-11-25 23:08:20;289.625685;0
2016-11-25 23:12:18;292.87997;0
2016-11-25 23:16:18;289.89627;0
2016-11-25 23:20:19;289.374825;0
2016-11-25 23:24:20;289.346365;0
2016-11-25 23:28:17;288.96192;0
2016-11-25 23:32:17;289.874335;0
2016-11-25 23:36:20;289.69438;0
2016-11-25 23:40:20;289.87649;0
2016-11-25 23:44:17;289.383685;0
2016-11-25 23:48:17;289.70651;0
2016-11-25 23:52:19;289.59904;0
2016-11-25 23:56:20;289.867465;0
2016-11-26 00:00:17;290.27819;0
2016-11-26 00:04:20;289.48708;0
2016-11-26 00:08:17;289.646725;0
2016-11-26 00:12:18;289.037;0
2016-11-26 00:16:20;289.559665;0
2016-11-26 00:20:19;289.439265;0
2016-11-26 00:24:18;289.99511;0
2016-11-26 00:28:17;289.499095;0
2016-11-26 00:32:18;289.89966;0
2016-11-26 00:36:18;291.918375;0
2016-11-26 00:40:19;303.097355;1
2016-11-26 00:44:17;289.872885;0
2016-11-26 00:48:19;312.08738;0
2016-11-26 00:52:19;307.20249;0
2016-11-26 00:56:20;295.2789;0
2016-11-26 01:00:20;299.60582;0
2016-11-26 01:04:19;310.765315;0
2016-11-26 01:08:19;310.230685;0
2016-11-26 01:12:18;307.46279;0
2016-11-26 01:16:17;314.509275;0
2016-11-26 01:20:20;309.82925;0
2016-11-26 01:24:19;318.35785;0
2016-11-26 01:28:17;311.306995;0
2016-11-26 01:32:20;312.394655;0
2016-11-26 01:36:20;313.46606;0
2016-11-26 01:40:20;317.23215;0
2016-11-26 01:44:19;315.154855;0
2016-11-26 01:48:17;311.00797;0
2016-11-26 01:52:20;313.40511;0
2016-11-26 01:56:20;306.49064;0
2016-11-26 02:00:18;303.869315;0
2016-11-26 02:04:17;308.300735;0
2016-11-26 02:08:19;313.190845;0
2016-11-26 02:12:18;312.53292;0
2016-11-26 02:16:17;312.188;0
2016-11-26 02:20:18;308.35717;0
2016-11-26 02:24:19;310.56414;0
2016-11-26 02:28:18;309.492325;0
2016-11-26 02:32:19;312.4572;0
2016-11-26 02:36:18;309.218255;0
2016-11-26 02:40:17;311.29463;0
2016-11-26 02:44:17;309.77499;0
2016-11-26 02:48:18;312.22159;0
2016-11-26 02:52:20;310.903185;0
2016-11-26 02:56:17;310.183375;0
2016-11-26 03:00:17;314.52173;0
2016-11-26 03:04:20;313.818225;0
2016-11-26 03:08:19;310.15533;0
2016-11-26 03:12:20;316.174525;0
2016-11-26 03:16:19;311.88464;0
2016-11-26 03:20:20;289.67347;0
2016-11-26 03:24:19;314.99034;0
2016-11-26 03:28:19;312.12282;0
2016-11-26 03:32:18;289.601715;0
2016-11-26 03:36:20;308.846995;0
2016-11-26 03:40:19;314.274015;0
2016-11-26 03:44:19;289.28;0
2016-11-26 03:48:19;314.16;0
2016-11-26 03:52:20;314.747685;0
2016-11-26 03:56:20;310.71659;0
2016-11-26 04:00:19;312.30777;0
2016-11-26 04:04:19;312.255295;0
2016-11-26 04:08:19;289.48788;0
2016-11-26 04:12:20;288.94558;0
2016-11-26 04:16:17;317.113475;0
2016-11-26 04:20:19;289.09751;0
2016-11-26 04:24:19;289.416445;0
2016-11-26 04:28:19;313.33016;0
2016-11-26 04:32:19;289.34021;0
2016-11-26 04:36:17;289.36219;0
2016-11-26 04:40:18;302.48921;0
2016-11-26 04:44:19;289.259875;1
2016-11-26 04:48:18;289.87215;0
2016-11-26 04:52:20;289.407125;0
2016-11-26 04:56:18;289.581565;0
2016-11-26 05:00:19;289.58224;0
2016-11-26 05:04:19;289.318705;0
2016-11-26 05:08:19;289.29019;0
2016-11-26 05:12:17;289.3006;0
2016-11-26 05:16:18;314.16517;1
2016-11-26 05:20:17;311.211335;0
2016-11-26 05:24:17;289.31163;1
2016-11-26 05:28:20;289.34508;0
2016-11-26 05:32:20;313.10604;0
2016-11-26 05:36:20;289.11914;1
2016-11-26 05:40:17;289.124305;0
2016-11-26 05:44:19;311.45412;0
2016-11-26 05:48:18;289.07784;1
2016-11-26 05:52:18;289.101525;0
2016-11-26 05:56:18;291.598005;0
2016-11-26 06:00:17;289.239635;0
2016-11-26 06:04:17;289.547435;0
2016-11-26 06:08:20;289.01084;0
2016-11-26 06:12:17;289.83279;0
2016-11-26 06:16:19;289.473895;0
2016-11-26 06:20:19;289.4073;0
2016-11-26 06:24:19;289.29513;0
2016-11-26 06:28:19;289.467315;0
2016-11-26 06:32:19;289.77244;0
2016-11-26 06:36:17;288.939915;0
2016-11-26 06:40:17;289.62184;0
2016-11-26 06:44:17;288.99975;0
2016-11-26 06:48:20;288.95327;0
2016-11-26 06:52:18;289.57903;0
2016-11-26 06:56:19;289.258645;0
2016-11-26 07:00:19;289.08032;0
2016-11-26 07:04:19;289.30897;0
2016-11-26 07:08:18;289.084075;0
2016-11-26 07:12:19;289.110145;0
2016-11-26 07:16:18;289.65612;0
2016-11-26 07:20:17;289.28612;0
2016-11-26 07:24:19;289.344455;0
2016-11-26 07:28:18;289.105845;0
2016-11-26 07:32:17;289.307575;0
2016-11-26 07:36:18;289.05495;0
2016-11-26 07:40:20;289.5272;0
2016-11-26 07:44:17;289.70018;0
2016-11-26 07:48:20;289.08607;0
2016-11-26 07:52:18;289.514115;0
2016-11-26 07:56:20;289.619045;0
2016-11-26 08:00:18;289.948095;0
2016-11-26 08:04:17;289.26819;0
2016-11-26 08:08:20;289.443225;0
2016-11-26 08:12:19;290.346005;0
2016-11-26 08:16:19;289.350115;0
2016-11-26 08:20:19;289.73685;0
2016-11-26 08:24:17;289.104335;0
2016-11-26 08:28:19;289.172135;0
2016-11-26 08:32:18;289.32075;0
2016-11-26 08:36:19;289.517145;0
2016-11-26 08:40:17;289.954795;0
2016-11-26 08:44:18;289.903325;0
2016-11-26 08:48:19;289.245115;0
2016-11-26 08:52:17;289.01819;0
2016-11-26 08:56:19;289.731385;0
2016-11-26 09:00:17;289.42921;0
2016-11-26 09:04:18;289.28028;0
2016-11-26 09:08:17;303.38737;0
2016-11-26 09:12:17;289.279475;0
2016-11-26 09:16:18;289.209965;0
2016-11-26 09:20:20;289.726935;0
2016-11-26 09:24:20;289.20616;0
2016-11-26 09:28:18;288.807275;0
2016-11-26 09:32:20;289.47784;0
2016-11-26 09:36:19;289.140965;0
2016-11-26 09:40:20;290.461045;0
2016-11-26 09:44:18;288.854225;0
2016-11-26 09:48:20;289.87492;0
2016-11-26 09:52:19;289.598915;0
2016-11-26 09:56:19;289.21846;0
2016-11-26 10:00:19;289.325035;0
2016-11-26 10:04:18;288.75627;0
2016-11-26 10:08:19;289.65273;0
2016-11-26 10:12:19;288.955125;0
2016-11-26 10:16:20;289.281295;0
2016-11-26 10:20:17;289.492515;0
2016-11-26 10:24:19;289.207575;0
2016-11-26 10:28:20;289.45476;0
2016-11-26 10:32:19;289.469205;0
2016-11-26 10:36:17;289.250095;0
2016-11-26 10:40:19;289.378955;0
2016-11-26 10:44:18;289.489045;0
2016-11-26 10:48:18;289.35013;0
2016-11-26 10:52:18;289.075315;0
2016-11-26 10:56:20;289.387595;0
2016-11-26 11:00:19;289.461095;0
2016-11-26 11:04:18;289.073775;0
2016-11-26 11:08:20;289.44538;0
2016-11-26 11:12:18;288.814545;0
2016-11-26 11:16:17;288.994875;0
2016-11-26 11:20:17;289.62356;0
2016-11-26 11:24:19;289.48525;0
2016-11-26 11:28:17;289.27788;0
2016-11-26 11:32:18;288.68067;0
2016-11-26 11:36:19;289.755195;0
2016-11-26 11:40:17;289.21228;0
2016-11-26 11:44:17;289.449925;0
2016-11-26 11:48:18;289.13539;0
2016-11-26 11:52:20;289.196825;0
2016-11-26 11:56:17;289.30772;0
2016-11-26 12:00:17;289.090675;0
2016-11-26 12:04:20;289.58287;0
2016-11-26 12:08:17;289.134945;0
2016-11-26 12:12:20;288.88052;0
2016-11-26 12:16:19;288.92165;0
2016-11-26 12:20:19;289.29379;0
2016-11-26 12:24:17;289.14673;0
2016-11-26 12:28:17;289.21946;0
2016-11-26 12:32:20;289.313355;0
2016-11-26 12:36:20;289.30142;0
2016-11-26 12:40:18;289.47316;0
2016-11-26 12:44:20;289.348655;0
2016-11-26 12:48:18;289.341965;0
2016-11-26 12:52:18;289.38631;0
2016-11-26 12:56:20;290.053335;0
2016-11-26 13:00:19;289.115545;0
2016-11-26 13:04:19;289.464825;0
2016-11-26 13:08:18;289.35738;0
2016-11-26 13:12:19;289.465215;0
2016-11-26 13:16:20;288.93246;0
2016-11-26 13:20:19;289.12052;0
2016-11-26 13:24:20;289.60735;0
2016-11-26 13:28:18;289.119665;0
2016-11-26 13:32:18;289.42178;0
2016-11-26 13:36:17;288.983005;0
2016-11-26 13:40:18;289.21973;0
2016-11-26 13:44:18;289.04842;0
2016-11-26 13:48:17;289.48255;0
2016-11-26 13:52:19;289.138455;0
2016-11-26 13:56:17;289.26249;0
2016-11-26 14:00:19;289.24056;0
2016-11-26 14:04:18;289.32418;0
2016-11-26 14:08:18;289.62726;0
2016-11-26 14:12:20;292.465525;0
2016-11-26 14:16:17;289.050775;0
2016-11-26 14:20:19;290.162845;0
2016-11-26 14:24:17;290.02008;0
2016-11-26 14:28:20;289.104025;0
2016-11-26 14:32:18;289.42267;0
2016-11-26 14:36:19;289.518075;0
2016-11-26 14:40:18;289.511515;0
2016-11-26 14:44:17;289.484245;0
2016-11-26 14:48:20;289.3091;0
2016-11-26 14:52:20;289.18646;0
2016-11-26 14:56:17;289.379215;0
2016-11-26 15:00:17;289.58157;0
2016-11-26 15:04:18;289.26913;0
2016-11-26 15:08:18;289.409715;0
2016-11-26 15:12:18;289.69502;0
2016-11-26 15:16:17;289.443845;0
2016-11-26 15:20:19;289.41477;0
2016-11-26 15:24:17;289.3845;0
2016-11-26 15:28:20;289.10637;0
2016-11-26 15:32:18;289.10998;0
2016-11-26 15:36:20;289.071825;0
2016-11-26 15:40:20;289.380075;0
2016-11-26 15:44:19;289.561545;0
2016-11-26 15:48:17;289.6817;0
2016-11-26 15:52:17;312.27796;1
2016-11-26 15:56:19;312.550295;0
2016-11-26 16:00:18;312.557775;0
2016-11-26 16:04:19;312.349875;0
2016-11-26 16:08:17;312.461605;0
2016-11-26 16:12:18;312.852575;0
2016-11-26 16:16:17;312.612635;0
2016-11-26 16:20:20;312.428895;0
2016-11-26 16:24:20;312.220975;0
2016-11-26 16:28:19;312.760865;0
2016-11-26 16:32:19;312.2878;0
2016-11-26 16:36:19;312.674825;0
2016-11-26 16:40:20;312.2862;0
2016-11-26 16:44:18;312.420705;0
2016-11-26 16:48:19;312.254925;0
2016-11-26 16:52:17;313.112035;0
2016-11-26 16:56:19;312.29612;0
2016-11-26 17:00:20;312.11633;0
2016-11-26 17:04:19;312.62113;0
2016-11-26 17:08:19;312.671945;0
2016-11-26 17:12:19;312.33834;0
2016-11-26 17:16:17;312.63238;0
2016-11-26 17:20:18;312.69318;0
2016-11-26 17:24:17;312.42973;0
2016-11-26 17:28:19;312.49661;0
2016-11-26 17:32:20;312.188445;0
2016-11-26 17:36:18;312.644335;0
2016-11-26 17:40:19;312.61508;0
2016-11-26 17:44:19;312.58721;0
2016-11-26 17:48:20;312.631585;0
2016-11-26 17:52:19;312.700395;0
2016-11-26 17:56:18;312.113355;0
2016-11-26 18:00:20;312.36289;0
2016-11-26 18:04:17;312.589125;0
2016-11-26 18:08:18;312.12899;0
2016-11-26 18:12:19;313.524965;0
2016-11-26 18:16:19;312.33222;0
2016-11-26 18:20:17;312.23783;0
2016-11-26 18:24:17;312.623245;0
2016-11-26 18:28:17;326.580665;0
2016-11-26 18:32:17;312.41053;0
2016-11-26 18:36:17;312.54034;0
2016-11-26 18:40:17;312.33289;0
2016-11-26 18:44:18;312.65687;0
2016-11-26 18:48:19;312.255305;0
2016-11-26 18:52:17;312.85569;0
2016-11-26 18:56:20;312.44875;0
2016-11-26 19:00:18;312.224035;0
2016-11-26 19:04:18;312.33337;0
2016-11-26 19:08:19;312.11339;0
2016-11-26 19:12:19;312.329035;0
2016-11-26 19:16:20;312.54028;0
2016-11-26 19:20:20;314.214105;0
2016-11-26 19:24:17;312.88009;0
2016-11-26 19:28:17;312.638425;0
2016-11-26 19:32:17;313.37706;0
2016-11-26 19:36:17;352.195235;1
2016-11-26 19:40:20;355.45809;0
2016-11-26 19:44:19;334.688895;0
2016-11-26 19:48:19;343.69429;0
2016-11-26 19:52:18;350.966695;0
2016-11-26 19:56:20;369.198205;0
2016-11-26 20:00:17;313.954655;0
2016-11-26 20:04:20;351.995205;0
2016-11-26 20:08:20;365.48079;0
2016-11-26 20:12:19;367.21498;0
2016-11-26 20:16:20;348.83369;0
2016-11-26 20:20:18;383.380565;0
2016-11-26 20:24:19;345.97174;0
2016-11-26 20:28:19;359.36763;0
2016-11-26 20:32:17;336.98612;0
2016-11-26 20:36:20;325.242135;0
2016-11-26 20:40:19;347.88552;0
2016-11-26 20:44:18;355.490005;0
2016-11-26 20:48:17;386.207305;0
2016-11-26 20:52:19;359.35322;0
2016-11-26 20:56:18;352.008165;0
2016-11-26 21:00:20;338.708115;0
2016-11-26 21:04:20;339.101855;0
2016-11-26 21:08:17;312.584865;1
2016-11-26 21:12:18;312.917195;0
2016-11-26 21:16:20;312.19456;0
2016-11-26 21:20:20;312.151445;0
2016-11-26 21:24:18;312.146455;0
2016-11-26 21:28:18;311.98626;0
2016-11-26 21:32:19;312.41572;0
2016-11-26 21:36:18;311.835955;0
2016-11-26 21:40:20;312.367785;0
2016-11-26 21:44:20;312.543045;0
2016-11-26 21:48:17;312.564385;0
2016-11-26 21:52:20;312.616765;0
2016-11-26 21:56:17;312.358975;0
2016-11-26 22:00:19;312.20133;0
2016-11-26 22:04:18;312.738265;0
2016-11-26 22:08:20;312.49845;0
2016-11-26 22:12:20;312.51263;0
2016-11-26 22:16:18;287.524655;1
2016-11-26 22:20:19;288.572875;0
2016-11-26 22:24:18;288.47622;0
2016-11-26 22:28:19;287.816895;0
2016-11-26 22:32:20;287.5072;0
2016-11-26 22:36:17;288.15213;0
2016-11-26 22:40:18;287.15356;0
2016-11-26 22:44:18;287.62673;0
2016-11-26 22:48:19;287.79038;0
2016-11-26 22:52:18;287.32135;0
2016-11-26 22:56:17;288.333025;0
2016-11-26 23:00:17;287.41456;0
2016-11-26 23:04:18;287.546085;0
2016-11-26 23:08:17;287.427975;0
2016-11-26 23:12:20;287.326855;0
2016-11-26 23:16:17;287.218355;0
2016-11-26 23:20:20;287.921985;0
2016-11-26 23:24:17;287.772955;0
2016-11-26 23:28:17;287.55201;0
2016-11-26 23:32:17;288.18231;0
2016-11-26 23:36:20;287.663155;0
2016-11-26 23:40:20;287.8773;0
2016-11-26 23:44:17;287.23322;0
2016-11-26 23:48:17;287.787665;0
2016-11-26 23:52:18;288.4455;0
2016-11-26 23:56:19;287.62627;0
2016-11-27 00:00:17;287.775845;0
2016-11-27 00:04:17;287.598525;0
2016-11-27 00:08:19;288.031335;0
2016-11-27 00:12:20;287.978385;0
2016-11-27 00:16:17;287.68952;0
2016-11-27 00:20:20;287.65867;0
2016-11-27 00:24:17;287.630335;0
2016-11-27 00:28:20;287.88483;0
2016-11-27 00:32:17;290.448235;0
2016-11-27 00:36:18;294.314635;0
2016-11-27 00:40:18;289.82264;0
2016-11-27 00:44:19;289.458065;0
2016-11-27 00:48:20;289.535515;0
2016-11-27 00:52:19;289.92013;0
2016-11-27 00:56:19;287.90937;0
2016-11-27 01:00:17;301.91586;0
2016-11-27 01:04:18;287.507935;0
2016-11-27 01:08:20;288.035305;0
2016-11-27 01:12:18;304.32101;0
2016-11-27 01:16:20;309.636655;0
2016-11-27 01:20:18;288.131645;0
2016-11-27 01:24:18;287.47266;0
2016-11-27 01:28:18;295.020305;0
2016-11-27 01:32:17;300.989585;0
2016-11-27 01:36:17;288.082885;0
2016-11-27 01:40:17;301.99068;0
2016-11-27 01:44:20;303.027715;0
2016-11-27 01:48:19;308.179935;0
2016-11-27 01:52:17;308.39277;0
2016-11-27 01:56:20;307.944235;0
2016-11-27 02:00:20;311.7434;0
2016-11-27 02:04:17;308.94691;0
2016-11-27 02:08:19;-3;0
2016-11-27 02:12:17;291.62825;0
2016-11-27 02:16:17;310.16089;0
2016-11-27 02:20:20;287.789835;0
2016-11-27 02:24:20;287.79945;0
2016-11-27 02:28:17;304.29999;0
2016-11-27 02:32:17;287.72921;0
2016-11-27 02:36:17;287.876705;0
2016-11-27 02:40:19;314.77681;0
2016-11-27 02:44:18;313.664805;0
2016-11-27 02:48:18;297.14342;0
2016-11-27 02:52:19;306.10375;0
2016-11-27 02:56:20;311.306655;0
2016-11-27 03:00:19;307.8951;0
2016-11-27 03:04:17;310.723465;0
2016-11-27 03:08:17;306.700705;0
2016-11-27 03:12:19;311.844895;0
2016-11-27 03:16:18;308.628705;0
2016-11-27 03:20:17;306.562085;0
2016-11-27 03:24:20;291.010525;0
2016-11-27 03:28:18;-3;0
2016-11-27 03:32:19;309.1728;0
2016-11-27 03:36:19;311.75947;0
2016-11-27 03:40:18;303.95414;0
2016-11-27 03:44:18;299.48426;0
2016-11-27 03:48:20;314.474845;0
2016-11-27 03:52:17;287.914445;0
2016-11-27 03:56:20;288.233165;0
2016-11-27 04:00:17;307.51757;0
2016-11-27 04:04:17;311.505725;0
2016-11-27 04:08:19;287.773175;0
2016-11-27 04:12:18;313.85455;0
2016-11-27 04:16:17;309.041965;0
2016-11-27 04:20:19;287.662545;0
2016-11-27 04:24:17;308.904025;0
2016-11-27 04:28:20;309.726635;0
2016-11-27 04:32:20;287.42534;0
2016-11-27 04:36:19;310.87452;0
2016-11-27 04:40:17;309.0263;0
2016-11-27 04:44:18;287.50442;0
2016-11-27 04:48:17;310.22785;0
2016-11-27 04:52:17;310.490165;0
2016-11-27 04:56:19;287.89204;0
2016-11-27 05:00:17;313.010265;0
2016-11-27 05:04:19;314.31964;0
2016-11-27 05:08:17;306.752375;0
2016-11-27 05:12:18;314.782645;0
2016-11-27 05:16:20;308.695715;0
2016-11-27 05:20:20;287.629545;0
2016-11-27 05:24:17;309.057635;0
2016-11-27 05:28:17;313.10274;0
2016-11-27 05:32:18;313.84415;0
2016-11-27 05:36:17;304.262245;0
2016-11-27 05:40:18;308.31855;0
2016-11-27 05:44:18;309.231365;0
2016-11-27 05:48:20;287.918825;0
2016-11-27 05:52:19;288.0475;0
2016-11-27 05:56:19;309.303415;0
2016-11-27 06:00:18;288.060295;0
2016-11-27 06:04:19;322.073735;0
2016-11-27 06:08:17;302.266;0
2016-11-27 06:12:17;287.94662;1
2016-11-27 06:16:20;289.3278;0
2016-11-27 06:20:19;288.050865;0
2016-11-27 06:24:20;287.42836;0
2016-11-27 06:28:19;288.17662;0
2016-11-27 06:32:20;287.596145;0
2016-11-27 06:36:20;287.808695;0
2016-11-27 06:40:17;287.58257;0
2016-11-27 06:44:19;287.58981;0
2016-11-27 06:48:18;287.77119;0
2016-11-27 06:52:18;287.35351;0
2016-11-27 06:56:17;287.778875;0
2016-11-27 07:00:19;287.760885;0
2016-11-27 07:04:18;287.61345;0
2016-11-27 07:08:19;287.591215;0
2016-11-27 07:12:19;287.56503;0
2016-11-27 07:16:17;288.026005;0
2016-11-27 07:20:17;287.730215;0
2016-11-27 07:24:20;287.73104;0
2016-11-27 07:28:18;287.780045;0
2016-11-27 07:32:19;288.06704;0
2016-11-27 07:36:18;287.58828;0
2016-11-27 07:40:19;344.99113;1
2016-11-27 07:44:18;297.628135;0
2016-11-27 07:48:20;287.589415;0
2016-11-27 07:52:20;308.92393;0
2016-11-27 07:56:18;298.88607;0
2016-11-27 08:00:20;287.756525;0
2016-11-27 08:04:18;288.055665;0
2016-11-27 08:08:20;345.05883;0
2016-11-27 08:12:17;288.36731;0
2016-11-27 08:16:20;287.704505;0
2016-11-27 08:20:20;341.83134;0
2016-11-27 08:24:20;334.22534;0
2016-11-27 08:28:18;479.84543;0
2016-11-27 08:32:20;341.956985;0
2016-11-27 08:36:18;337.514655;0
2016-11-27 08:40:18;287.79077;0
2016-11-27 08:44:18;415.132385;0
2016-11-27 08:48:17;349.25645;0
2016-11-27 08:52:19;303.58494;0
2016-11-27 08:56:20;290.70734;0
2016-11-27 09:00:18;341.75347;0
2016-11-27 09:04:19;287.816275;1
2016-11-27 09:08:19;287.616145;0
2016-11-27 09:12:18;287.63304;0
2016-11-27 09:16:17;287.34436;0
2016-11-27 09:20:17;287.507625;0
2016-11-27 09:24:19;287.786775;0
2016-11-27 09:28:17;287.702485;0
2016-11-27 09:32:19;287.75287;0
2016-11-27 09:36:18;287.59714;0
2016-11-27 09:40:19;287.95108;0
2016-11-27 09:44:17;287.72634;0
2016-11-27 09:48:17;287.81787;0
2016-11-27 09:52:18;287.467815;0
2016-11-27 09:56:20;287.726545;0
2016-11-27 10:00:18;287.52463;0
2016-11-27 10:04:20;287.261695;0
2016-11-27 10:08:18;287.622355;0
2016-11-27 10:12:18;287.697665;0
2016-11-27 10:16:19;288.74715;0
2016-11-27 10:20:18;287.77126;0
2016-11-27 10:24:20;287.572195;0
2016-11-27 10:28:17;287.649045;0
2016-11-27 10:32:18;287.79968;0
2016-11-27 10:36:17;292.207715;0
2016-11-27 10:40:18;287.798935;0
2016-11-27 10:44:18;287.980305;0
2016-11-27 10:48:20;288.094735;0
2016-11-27 10:52:18;287.153705;0
2016-11-27 10:56:17;287.57204;0
2016-11-27 11:00:17;287.59999;0
2016-11-27 11:04:17;287.812555;0
2016-11-27 11:08:17;288.170405;0
2016-11-27 11:12:18;287.711515;0
2016-11-27 11:16:20;287.345005;0
2016-11-27 11:20:18;287.81907;0
2016-11-27 11:24:19;287.736135;0
2016-11-27 11:28:19;287.051135;0
2016-11-27 11:32:20;287.442365;0
2016-11-27 11:36:18;287.59842;0
2016-11-27 11:40:17;288.252785;0
2016-11-27 11:44:19;287.520135;0
2016-11-27 11:48:17;287.851285;0
2016-11-27 11:52:19;287.700225;0
2016-11-27 11:56:18;289.669505;0
2016-11-27 12:00:20;288.012735;0
2016-11-27 12:04:20;289.276455;0
2016-11-27 12:08:18;287.52005;0
2016-11-27 12:12:20;288.02632;0
2016-11-27 12:16:20;287.871555;0
2016-11-27 12:20:20;287.269635;0
2016-11-27 12:24:20;287.319265;0
2016-11-27 12:28:19;287.669285;0
2016-11-27 12:32:20;287.709795;0
2016-11-27 12:36:17;287.849325;0
2016-11-27 12:40:17;287.338265;0
2016-11-27 12:44:19;287.656945;0
2016-11-27 12:48:19;287.28574;0
2016-11-27 12:52:20;287.76244;0
2016-11-27 12:56:20;287.52648;0
2016-11-27 13:00:17;287.603215;0
2016-11-27 13:04:17;287.99875;0
2016-11-27 13:08:17;287.46763;0
2016-11-27 13:12:20;287.336545;0
2016-11-27 13:16:17;287.721;0
2016-11-27 13:20:20;287.80501;0
2016-11-27 13:24:20;287.709125;0
2016-11-27 13:28:17;287.570115;0
2016-11-27 13:32:18;288.19958;0
2016-11-27 13:36:17;287.199595;0
2016-11-27 13:40:17;287.92494;0
2016-11-27 13:44:20;287.519395;0
2016-11-27 13:48:17;287.65267;0
2016-11-27 13:52:18;287.74164;0
2016-11-27 13:56:19;287.727395;0
2016-11-27 14:00:20;287.7562;0
2016-11-27 14:04:17;287.320735;0
2016-11-27 14:08:20;287.649005;0
2016-11-27 14:12:17;287.495825;0
2016-11-27 14:16:19;287.578645;0
2016-11-27 14:20:20;287.489145;0
2016-11-27 14:24:20;287.438555;0
2016-11-27 14:28:20;287.4938;0
2016-11-27 14:32:19;287.646285;0
2016-11-27 14:36:18;287.2901;0
2016-11-27 14:40:17;288.02648;0
2016-11-27 14:44:18;287.47897;0
2016-11-27 14:48:18;287.434215;0
2016-11-27 14:52:18;287.55558;0
2016-11-27 14:56:20;287.591995;0
2016-11-27 15:00:18;287.498155;0
2016-11-27 15:04:18;287.21607;0
2016-11-27 15:08:20;287.649855;0
2016-11-27 15:12:17;288.05838;0
2016-11-27 15:16:17;287.912125;0
2016-11-27 15:20:18;287.79346;0
2016-11-27 15:24:17;287.97081;0
2016-11-27 15:28:20;287.846135;0
2016-11-27 15:32:18;287.801245;0
2016-11-27 15:36:20;287.726545;0
2016-11-27 15:40:20;288.012415;0
2016-11-27 15:44:19;287.25426;0
2016-11-27 15:48:20;288.052065;0
2016-11-27 15:52:20;312.749405;1
2016-11-27 15:56:19;312.38299;0
2016-11-27 16:00:19;312.335485;0
2016-11-27 16:04:18;312.020855;0
2016-11-27 16:08:18;312.71437;0
2016-11-27 16:12:20;312.01285;0
2016-11-27 16:16:20;312.199165;0
2016-11-27 16:20:20;312.63528;0
2016-11-27 16:24:19;312.28221;0
2016-11-27 16:28:20;312.54823;0
2016-11-27 16:32:17;332.6825;0
2016-11-27 16:36:18;312.76425;0
2016-11-27 16:40:19;312.139105;0
2016-11-27 16:44:18;312.457575;0
2016-11-27 16:48:19;312.11167;0
2016-11-27 16:52:17;312.900165;0
2016-11-27 16:56:17;311.985995;0
2016-11-27 17:00:17;312.53455;0
2016-11-27 17:04:18;312.26374;0
2016-11-27 17:08:18;312.62576;0
2016-11-27 17:12:19;343.442375;0
2016-11-27 17:16:19;312.63157;0
2016-11-27 17:20:17;312.67693;0
2016-11-27 17:24:20;312.54581;0
2016-11-27 17:28:20;312.50422;0
2016-11-27 17:32:20;312.78703;0
2016-11-27 17:36:20;312.64562;0
2016-11-27 17:40:19;312.6673;0
2016-11-27 17:44:17;312.452945;0
2016-11-27 17:48:20;312.48009;0
2016-11-27 17:52:17;312.707765;0
2016-11-27 17:56:19;312.73684;0
2016-11-27 18:00:19;312.614005;0
2016-11-27 18:04:19;312.53141;0
2016-11-27 18:08:17;312.408085;0
2016-11-27 18:12:20;312.533755;0
2016-11-27 18:16:18;312.711;0
2016-11-27 18:20:19;312.94399;0
2016-11-27 18:24:17;321.701955;0
2016-11-27 18:28:20;312.717825;0
2016-11-27 18:32:17;335.619165;1
2016-11-27 18:36:20;365.01126;0
2016-11-27 18:40:17;350.335;0
2016-11-27 18:44:18;362.52329;0
2016-11-27 18:48:18;341.046795;0
2016-11-27 18:52:18;360.15621;0
2016-11-27 18:56:18;367.897245;0
2016-11-27 19:00:18;363.69816;0
2016-11-27 19:04:20;312.272325;1
2016-11-27 19:08:20;312.65708;0
2016-11-27 19:12:17;312.16175;0
2016-11-27 19:16:18;312.548955;0
2016-11-27 19:20:17;312.491785;0
2016-11-27 19:24:17;312.22482;0
2016-11-27 19:28:18;312.60838;0
2016-11-27 19:32:20;312.79235;0
2016-11-27 19:36:20;312.254935;0
2016-11-27 19:40:20;312.64447;0
2016-11-27 19:44:17;312.896;0
2016-11-27 19:48:18;312.45481;0
2016-11-27 19:52:17;312.13836;0
2016-11-27 19:56:19;312.601555;0
2016-11-27 20:00:19;312.70299;0
2016-11-27 20:04:17;312.237655;0
2016-11-27 20:08:17;312.388875;0
2016-11-27 20:12:17;312.477945;0
2016-11-27 20:16:18;312.328435;0
2016-11-27 20:20:19;312.648605;0
2016-11-27 20:24:20;312.247555;0
2016-11-27 20:28:20;312.59586;0
2016-11-27 20:32:19;312.362425;0
2016-11-27 20:36:18;312.626515;0
2016-11-27 20:40:19;312.879185;0
2016-11-27 20:44:19;312.2887;0
2016-11-27 20:48:20;312.5165;0
2016-11-27 20:52:19;312.513855;0
2016-11-27 20:56:19;312.305695;0
2016-11-27 21:00:20;312.50857;0
2016-11-27 21:04:20;312.384665;0
2016-11-27 21:08:18;312.49208;0
2016-11-27 21:12:19;312.54252;0
2016-11-27 21:16:20;312.077785;0
2016-11-27 21:20:20;312.418845;0
2016-11-27 21:24:17;312.6077;0
2016-11-27 21:28:20;311.95553;0
2016-11-27 21:32:19;312.772295;0
2016-11-27 21:36:19;312.614295;0
2016-11-27 21:40:20;312.37249;0
2016-11-27 21:44:18;312.399125;0
2016-11-27 21:48:20;312.573045;0
2016-11-27 21:52:18;312.766625;0
2016-11-27 21:56:17;312.291275;0
2016-11-27 22:00:19;312.31448;0
2016-11-27 22:04:19;312.48943;0
2016-11-27 22:08:17;312.91512;0
2016-11-27 22:12:19;312.501145;0
2016-11-27 22:16:17;299.319;1
2016-11-27 22:20:20;299.33423;0
2016-11-27 22:24:18;299.60881;0
2016-11-27 22:28:18;299.025345;0
2016-11-27 22:32:17;328.94961;0
2016-11-27 22:36:18;298.981185;0
2016-11-27 22:40:19;299.041575;0
2016-11-27 22:44:17;299.56742;0
2016-11-27 22:48:20;299.838325;0
2016-11-27 22:52:19;298.778605;0
2016-11-27 22:56:18;299.243415;0
2016-11-27 23:00:18;299.09169;0
2016-11-27 23:04:18;299.51537;0
2016-11-27 23:08:18;299.963155;0
2016-11-27 23:12:17;299.4736;0
2016-11-27 23:16:19;298.993505;0
2016-11-27 23:20:20;299.48586;0
2016-11-27 23:24:18;299.245985;0
2016-11-27 23:28:20;298.794015;0
2016-11-27 23:32:17;299.723305;0
2016-11-27 23:36:18;300.167595;0
2016-11-27 23:40:20;303.17224;0
2016-11-27 23:44:17;299.38703;0
2016-11-27 23:48:18;305.249915;0
2016-11-27 23:52:19;320.184255;1
2016-11-27 23:56:19;324.90291;0
2016-11-28 00:00:19;322.73972;0
2016-11-28 00:04:19;320.148705;0
2016-11-28 00:08:17;321.89563;0
2016-11-28 00:12:20;320.790545;0
2016-11-28 00:16:18;325.50146;0
2016-11-28 00:20:18;322.41712;0
2016-11-28 00:24:17;322.758805;0
2016-11-28 00:28:20;322.44839;0
2016-11-28 00:32:19;325.32187;0
2016-11-28 00:36:18;322.54706;0
2016-11-28 00:40:18;321.211405;0
2016-11-28 00:44:19;299.540785;0
2016-11-28 00:48:19;304.24351;0
2016-11-28 00:52:20;304.99534;0
2016-11-28 00:56:20;299.563935;1
2016-11-28 01:00:18;299.555035;0
2016-11-28 01:04:17;299.409905;0
2016-11-28 01:08:19;298.87208;0
2016-11-28 01:12:17;299.20932;0
2016-11-28 01:16:20;298.759155;0
2016-11-28 01:20:17;299.032715;0
2016-11-28 01:24:19;298.917215;0
2016-11-28 01:28:19;299.32173;0
2016-11-28 01:32:19;299.28693;0
2016-11-28 01:36:18;298.905525;0
2016-11-28 01:40:18;298.99995;0
2016-11-28 01:44:19;298.74384;0
2016-11-28 01:48:19;299.347995;0
2016-11-28 01:52:19;298.91075;0
2016-11-28 01:56:17;298.71363;0
2016-11-28 02:00:20;299.288285;0
2016-11-28 02:04:20;298.881655;0
2016-11-28 02:08:17;299.01336;0
2016-11-28 02:12:20;299.83225;0
2016-11-28 02:16:19;299.492545;0
2016-11-28 02:20:17;298.85896;0
2016-11-28 02:24:20;299.03728;0
2016-11-28 02:28:18;299.091695;0
2016-11-28 02:32:18;298.9952;0
2016-11-28 02:36:20;299.04821;0
2016-11-28 02:40:18;299.554045;0
2016-11-28 02:44:20;299.27032;0
2016-11-28 02:48:20;299.017745;0
2016-11-28 02:52:20;299.29347;0
2016-11-28 02:56:18;299.340825;0
2016-11-28 03:00:20;299.34822;0
2016-11-28 03:04:17;298.942465;0
2016-11-28 03:08:18;299.203325;0
2016-11-28 03:12:19;298.616505;0
2016-11-28 03:16:17;299.24556;0
2016-11-28 03:20:17;298.912845;0
2016-11-28 03:24:19;298.730475;0
2016-11-28 03:28:18;298.76221;0
2016-11-28 03:32:20;298.852885;0
2016-11-28 03:36:19;299.491925;0
2016-11-28 03:40:17;299.106915;0
2016-11-28 03:44:19;299.367185;0
2016-11-28 03:48:19;299.19662;0
2016-11-28 03:52:20;299.34297;0
2016-11-28 03:56:20;299.476715;0
2016-11-28 04:00:19;299.018565;0
2016-11-28 04:04:20;298.99142;0
2016-11-28 04:08:20;299.20353;0
2016-11-28 04:12:17;299.333885;0
2016-11-28 04:16:17;298.83817;0
2016-11-28 04:20:19;299.397145;0
2016-11-28 04:24:18;300.466075;0
2016-11-28 04:28:17;299.31172;0
2016-11-28 04:32:19;299.07904;0
2016-11-28 04:36:18;299.127585;0
2016-11-28 04:40:19;299.08989;0
2016-11-28 04:44:19;299.05209;0
2016-11-28 04:48:19;298.714005;0
2016-11-28 04:52:19;298.903945;0
2016-11-28 04:56:17;298.99252;0
2016-11-28 05:00:17;299.1346;0
2016-11-28 05:04:18;298.99641;0
2016-11-28 05:08:17;298.798725;0
2016-11-28 05:12:20;298.92994;0
2016-11-28 05:16:20;316.479715;0
2016-11-28 05:20:18;299.447535;0
2016-11-28 05:24:21;298.846875;0
2016-11-28 05:28:20;310.429735;0
2016-11-28 05:32:19;298.61614;0
2016-11-28 05:36:18;298.9845;0
2016-11-28 05:40:19;298.96617;0
2016-11-28 05:44:20;342.46954;1
2016-11-28 05:48:17;351.043565;0
2016-11-28 05:52:19;337.496155;0
2016-11-28 05:56:20;340.24782;0
2016-11-28 06:00:19;339.037275;0
2016-11-28 06:04:18;342.027505;0
2016-11-28 06:08:20;317.081225;0
2016-11-28 06:12:17;345.82096;0
2016-11-28 06:16:20;352.01194;0
2016-11-28 06:20:20;357.404365;0
2016-11-28 06:24:17;341.907615;0
2016-11-28 06:28:20;339.38423;0
2016-11-28 06:32:20;341.4284;0
2016-11-28 06:36:17;341.988965;0
2016-11-28 06:40:17;334.44241;0
2016-11-28 06:44:18;341.26963;0
2016-11-28 06:48:19;350.819855;0
2016-11-28 06:52:17;349.554465;0
2016-11-28 06:56:18;330.60478;0
2016-11-28 07:00:20;350.05509;0
2016-11-28 07:04:17;346.460845;0
2016-11-28 07:08:19;355.24167;0
2016-11-28 07:12:20;351.613585;0
2016-11-28 07:16:18;352.12781;0
2016-11-28 07:20:19;305.027015;0
2016-11-28 07:24:17;298.802435;0
2016-11-28 07:28:20;298.9684;0
2016-11-28 07:32:17;313.34802;0
2016-11-28 07:36:17;306.215025;0
2016-11-28 07:40:17;299.182095;0
2016-11-28 07:44:20;303.477795;0
2016-11-28 07:48:19;308.900515;0
2016-11-28 07:52:19;299.00167;0
2016-11-28 07:56:19;301.07618;0
2016-11-28 08:00:19;330.31151;0
2016-11-28 08:04:17;299.18714;1
2016-11-28 08:08:17;299.54058;0
2016-11-28 08:12:17;299.216425;0
2016-11-28 08:16:17;298.637155;0
2016-11-28 08:20:18;298.91156;0
2016-11-28 08:24:20;298.817525;0
2016-11-28 08:28:19;299.00726;0
2016-11-28 08:32:18;298.959415;0
2016-11-28 08:36:18;299.108235;0
2016-11-28 08:40:18;301.57835;0
2016-11-28 08:44:19;298.928305;0
2016-11-28 08:48:17;299.099635;0
2016-11-28 08:52:17;301.90849;0
2016-11-28 08:56:18;299.96641;0
2016-11-28 09:00:19;298.876455;0
2016-11-28 09:04:18;298.74371;0
2016-11-28 09:08:20;300.310245;0
2016-11-28 09:12:20;299.31805;0
2016-11-28 09:16:17;299.0136;0
2016-11-28 09:20:18;299.125185;0
2016-11-28 09:24:18;298.98421;0
2016-11-28 09:28:19;301.154405;0
2016-11-28 09:32:19;299.212;0
2016-11-28 09:36:19;299.10551;0
2016-11-28 09:40:20;299.003645;0
2016-11-28 09:44:17;299.16345;0
2016-11-28 09:48:19;299.12738;0
2016-11-28 09:52:20;299.272545;0
2016-11-28 09:56:19;299.41713;0
2016-11-28 10:00:18;298.916975;0
2016-11-28 10:04:18;299.807015;0
2016-11-28 10:08:17;298.938035;0
2016-11-28 10:12:20;298.80617;0
2016-11-28 10:16:19;299.468705;0
2016-11-28 10:20:19;298.84085;0
2016-11-28 10:24:19;299.187405;0
2016-11-28 10:28:20;302.05001;0
2016-11-28 10:32:20;299.38763;0
2016-11-28 10:36:18;298.745;0
2016-11-28 10:40:17;298.76745;0
2016-11-28 10:44:20;298.76854;0
2016-11-28 10:48:20;299.238485;0
2016-11-28 10:52:17;299.278045;0
2016-11-28 10:56:18;299.157665;0
2016-11-28 11:00:19;298.71395;0
2016-11-28 11:04:17;299.359965;0
2016-11-28 11:08:18;299.08912;0
2016-11-28 11:12:20;299.217635;0
2016-11-28 11:16:20;299.015515;0
2016-11-28 11:20:20;299.31285;0
2016-11-28 11:24:18;298.94254;0
2016-11-28 11:28:17;298.86244;0
2016-11-28 11:32:19;298.836395;0
2016-11-28 11:36:18;298.76005;0
2016-11-28 11:40:18;299.42129;0
2016-11-28 11:44:18;298.837695;0
2016-11-28 11:48:19;299.373185;0
2016-11-28 11:52:17;299.07626;0
2016-11-28 11:56:20;299.417525;0
2016-11-28 12:00:19;298.927055;0
2016-11-28 12:04:20;299.217735;0
2016-11-28 12:08:19;298.91256;0
2016-11-28 12:12:19;299.44913;0
2016-11-28 12:16:19;298.65688;0
2016-11-28 12:20:17;299.002515;0
2016-11-28 12:24:17;299.13266;0
2016-11-28 12:28:20;298.981995;0
2016-11-28 12:32:20;299.15056;0
2016-11-28 12:36:20;298.817225;0
2016-11-28 12:40:18;299.26681;0
2016-11-28 12:44:20;298.22828;0
2016-11-28 12:48:17;299.13946;0
2016-11-28 12:52:20;299.22798;0
2016-11-28 12:56:20;299.136085;0
2016-11-28 13:00:20;299.079435;0
2016-11-28 13:04:18;299.092445;0
2016-11-28 13:08:19;298.898225;0
2016-11-28 13:12:18;299.309975;0
2016-11-28 13:16:18;298.7269;0
2016-11-28 13:20:19;299.260785;0
2016-11-28 13:24:18;299.232795;0
2016-11-28 13:28:18;299.47761;0
2016-11-28 13:32:19;299.215985;0
2016-11-28 13:36:19;298.88245;0
2016-11-28 13:40:18;299.30055;0
2016-11-28 13:44:18;299.188915;0
2016-11-28 13:48:19;299.23077;0
2016-11-28 13:52:20;298.89166;0
2016-11-28 13:56:17;299.36682;0
2016-11-28 14:00:20;298.808115;0
2016-11-28 14:04:17;299.17581;0
2016-11-28 14:08:17;299.14454;0
2016-11-28 14:12:18;299.32034;0
2016-11-28 14:16:18;298.73141;0
2016-11-28 14:20:20;299.396685;0
2016-11-28 14:24:21;298.728735;0
2016-11-28 14:28:19;298.94449;0
2016-11-28 14:32:20;299.35916;0
2016-11-28 14:36:20;299.41977;0
2016-11-28 14:40:20;299.009685;0
2016-11-28 14:44:17;299.15382;0
2016-11-28 14:48:20;298.917065;0
2016-11-28 14:52:18;298.690265;0
2016-11-28 14:56:18;298.67328;0
2016-11-28 15:00:19;299.3395;0
2016-11-28 15:04:18;299.791325;0
2016-11-28 15:08:18;299.38616;0
2016-11-28 15:12:17;298.803905;0
2016-11-28 15:16:20;304.452065;0
2016-11-28 15:20:19;299.36962;0
2016-11-28 15:24:19;299.056525;0
2016-11-28 15:28:19;298.95017;0
2016-11-28 15:32:20;299.08221;0
2016-11-28 15:36:19;299.903665;0
2016-11-28 15:40:18;310.4436;0
2016-11-28 15:44:17;299.216685;0
2016-11-28 15:48:17;298.987385;0
2016-11-28 15:52:19;312.65299;1
2016-11-28 15:56:17;312.60763;0
2016-11-28 16:00:19;312.27001;0
2016-11-28 16:04:19;312.34328;0
2016-11-28 16:08:17;313.057155;0
2016-11-28 16:12:20;312.64826;0
2016-11-28 16:16:20;312.948055;0
2016-11-28 16:20:17;312.805545;0
2016-11-28 16:24:18;312.43879;0
2016-11-28 16:28:20;312.773;0
2016-11-28 16:32:19;312.401895;0
2016-11-28 16:36:18;312.388355;0
2016-11-28 16:40:19;312.71753;0
2016-11-28 16:44:17;312.6697;0
2016-11-28 16:48:20;312.990065;0
2016-11-28 16:52:19;312.41112;0
2016-11-28 16:56:17;312.49163;0
2016-11-28 17:00:20;313.281865;0
2016-11-28 17:04:20;313.109455;0
2016-11-28 17:08:18;312.796685;0
2016-11-28 17:12:17;312.59747;0
2016-11-28 17:16:20;312.512375;0
2016-11-28 17:20:17;312.69772;0
2016-11-28 17:24:17;319.714725;0
2016-11-28 17:28:18;316.38589;0
2016-11-28 17:32:17;2305.649015;0
2016-11-28 17:36:20;312.894365;0
2016-11-28 17:40:20;313.39331;0
2016-11-28 17:44:18;312.9305;0
2016-11-28 17:48:17;312.76171;0
2016-11-28 17:52:20;313.38464;0
2016-11-28 17:56:17;312.473595;0
2016-11-28 18:00:20;313.02472;0
2016-11-28 18:04:18;312.38781;0
2016-11-28 18:08:18;312.51288;0
2016-11-28 18:12:17;312.113105;0
2016-11-28 18:16:19;313.34012;0
2016-11-28 18:20:20;312.755665;0
2016-11-28 18:24:19;316.326095;0
2016-11-28 18:28:17;312.55333;0
2016-11-28 18:32:20;312.190075;0
2016-11-28 18:36:19;312.259055;0
2016-11-28 18:40:18;312.54446;0
2016-11-28 18:44:17;312.59921;0
2016-11-28 18:48:19;312.35018;0
2016-11-28 18:52:19;312.153805;0
2016-11-28 18:56:17;312.332325;0
2016-11-28 19:00:19;312.41314;0
2016-11-28 19:04:17;312.950935;0
2016-11-28 19:08:18;312.47207;0
2016-11-28 19:12:18;312.443995;0
2016-11-28 19:16:19;312.312805;0
2016-11-28 19:20:17;312.140715;0
2016-11-28 19:24:17;312.70065;0
2016-11-28 19:28:18;313.569305;0
2016-11-28 19:32:19;313.15687;0
2016-11-28 19:36:17;312.61994;0
2016-11-28 19:40:18;313.05734;0
2016-11-28 19:44:20;312.44654;0
2016-11-28 19:48:19;312.558675;0
2016-11-28 19:52:17;312.748;0
2016-11-28 19:56:19;320.531575;0
2016-11-28 20:00:19;312.993215;0
2016-11-28 20:04:20;313.097035;0
2016-11-28 20:08:20;312.751285;0
2016-11-28 20:12:20;313.6641;0
2016-11-28 20:16:18;312.74775;0
2016-11-28 20:20:20;314.477275;0
2016-11-28 20:24:18;312.49599;0
2016-11-28 20:28:18;313.195215;0
2016-11-28 20:32:18;312.552435;0
2016-11-28 20:36:19;312.863365;0
2016-11-28 20:40:20;312.665565;0
2016-11-28 20:44:19;312.80847;0
2016-11-28 20:48:20;312.808165;0
2016-11-28 20:52:18;314.124785;0
2016-11-28 20:56:17;312.375875;0
2016-11-28 21:00:18;313.00495;0
2016-11-28 21:04:17;313.10763;0
2016-11-28 21:08:18;315.298095;0
2016-11-28 21:12:17;313.538805;0
2016-11-28 21:16:20;312.975175;0
2016-11-28 21:20:18;312.7976;0
2016-11-28 21:24:19;312.502845;0
2016-11-28 21:28:20;312.958675;0
2016-11-28 21:32:19;312.450395;0
2016-11-28 21:36:18;312.642695;0
2016-11-28 21:40:19;-3;0
2016-11-28 21:44:18;316.37369;0
2016-11-28 21:48:18;312.16031;0
2016-11-28 21:52:20;313.04707;0
2016-11-28 21:56:18;312.127785;0
2016-11-28 22:00:18;312.4169;0
2016-11-28 22:04:20;312.79469;0
2016-11-28 22:08:18;313.15908;0
2016-11-28 22:12:20;312.72527;0
2016-11-28 22:16:19;290.49222;1
2016-11-28 22:20:20;290.376905;0
2016-11-28 22:24:18;290.27335;0
2016-11-28 22:28:20;290.244445;0
2016-11-28 22:32:18;290.99589;0
2016-11-28 22:36:17;290.268255;0
2016-11-28 22:40:19;290.5506;0
2016-11-28 22:44:18;290.19589;0
2016-11-28 22:48:18;290.380005;0
2016-11-28 22:52:19;290.030775;0
2016-11-28 22:56:17;290.324385;0
2016-11-28 23:00:20;292.41053;0
2016-11-28 23:04:20;290.50985;0
2016-11-28 23:08:20;290.56461;0
2016-11-28 23:12:20;290.77835;0
2016-11-28 23:16:17;290.63514;0
2016-11-28 23:20:19;290.082145;0
2016-11-28 23:24:20;292.01424;0
2016-11-28 23:28:20;291.367575;0
2016-11-28 23:32:18;290.177155;0
2016-11-28 23:36:17;290.338455;0
2016-11-28 23:40:20;291.080375;0
2016-11-28 23:44:17;290.227155;0
2016-11-28 23:48:20;291.049405;0
2016-11-28 23:52:17;292.143255;0
2016-11-28 23:56:19;297.98936;0
2016-11-29 00:00:19;290.562655;0
2016-11-29 00:04:17;291.95658;0
2016-11-29 00:08:19;290.341365;0
2016-11-29 00:12:19;290.02938;0
2016-11-29 00:16:20;306.182275;1
2016-11-29 00:20:20;316.23115;0
2016-11-29 00:24:19;294.106345;0
2016-11-29 00:28:18;304.15027;0
2016-11-29 00:32:18;299.85396;0
2016-11-29 00:36:19;308.091525;0
2016-11-29 00:40:17;309.04511;0
2016-11-29 00:44:18;297.75994;0
2016-11-29 00:48:20;314.117555;0
2016-11-29 00:52:20;311.829565;0
2016-11-29 00:56:17;311.01578;0
2016-11-29 01:00:18;319.01392;0
2016-11-29 01:04:20;315.437415;0
2016-11-29 01:08:17;305.561455;0
2016-11-29 01:12:20;312.11099;0
2016-11-29 01:16:19;317.92007;0
2016-11-29 01:20:19;309.438025;0
2016-11-29 01:24:18;313.109395;0
2016-11-29 01:28:20;314.99998;0
2016-11-29 01:32:18;317.161205;0
2016-11-29 01:36:17;315.93952;0
2016-11-29 01:40:19;320.371665;0
2016-11-29 01:44:19;315.699445;0
2016-11-29 01:48:19;312.88231;0
2016-11-29 01:52:17;313.6578;0
2016-11-29 01:56:17;314.418445;0
2016-11-29 02:00:18;309.78984;0
2016-11-29 02:04:17;316.363445;0
2016-11-29 02:08:20;310.516645;0
2016-11-29 02:12:19;315.245365;0
2016-11-29 02:16:18;314.435345;0
2016-11-29 02:20:20;316.12493;0
2016-11-29 02:24:20;337.13037;0
2016-11-29 02:28:19;317.637175;0
2016-11-29 02:32:17;316.941185;0
2016-11-29 02:36:18;310.37689;0
2016-11-29 02:40:17;311.741065;0
2016-11-29 02:44:20;316.08838;0
2016-11-29 02:48:17;311.771365;0
2016-11-29 02:52:17;316.49937;0
2016-11-29 02:56:19;313.139445;0
2016-11-29 03:00:19;313.8904;0
2016-11-29 03:04:19;302.298695;0
2016-11-29 03:08:17;292.91547;1
2016-11-29 03:12:20;291.78805;0
2016-11-29 03:16:18;290.13594;0
2016-11-29 03:20:17;290.111345;0
2016-11-29 03:24:18;289.771755;0
2016-11-29 03:28:20;290.196175;0
2016-11-29 03:32:18;289.95306;0
2016-11-29 03:36:18;289.628775;0
2016-11-29 03:40:17;289.61806;0
2016-11-29 03:44:19;289.70729;0
2016-11-29 03:48:18;290.041985;0
2016-11-29 03:52:20;290.15651;0
2016-11-29 03:56:20;290.36839;0
2016-11-29 04:00:19;290.05369;0
2016-11-29 04:04:17;290.13119;0
2016-11-29 04:08:18;289.757435;0
2016-11-29 04:12:20;289.80115;0
2016-11-29 04:16:19;290.130745;0
2016-11-29 04:20:19;290.066205;0
2016-11-29 04:24:20;289.967375;0
2016-11-29 04:28:19;290.48169;0
2016-11-29 04:32:18;289.46255;0
2016-11-29 04:36:19;293.28524;0
2016-11-29 04:40:18;289.893115;0
2016-11-29 04:44:20;289.89629;0
2016-11-29 04:48:19;290.358865;0
2016-11-29 04:52:18;289.420115;0
2016-11-29 04:56:17;290.538735;0
2016-11-29 05:00:20;289.252365;0
2016-11-29 05:04:20;289.929965;0
2016-11-29 05:08:17;289.61792;0
2016-11-29 05:12:19;289.93072;0
2016-11-29 05:16:20;290.24656;0
2016-11-29 05:20:20;289.411335;0
2016-11-29 05:24:17;289.725325;0
2016-11-29 05:28:18;290.229525;0
2016-11-29 05:32:18;289.789895;0
2016-11-29 05:36:20;290.00648;0
2016-11-29 05:40:18;289.97704;0
2016-11-29 05:44:19;289.95293;0
2016-11-29 05:48:19;289.883055;0
2016-11-29 05:52:18;289.359985;0
2016-11-29 05:56:20;289.536805;0
2016-11-29 06:00:19;289.8227;0
2016-11-29 06:04:20;290.00864;0
2016-11-29 06:08:17;290.49283;0
2016-11-29 06:12:19;291.090795;0
2016-11-29 06:16:17;290.817145;0
2016-11-29 06:20:18;289.859645;0
2016-11-29 06:24:17;289.86334;0
2016-11-29 06:28:17;289.84301;0
2016-11-29 06:32:20;289.71151;0
2016-11-29 06:36:19;289.58422;0
2016-11-29 06:40:17;289.748055;0
2016-11-29 06:44:18;290.218215;0
2016-11-29 06:48:19;289.893735;0
2016-11-29 06:52:17;289.908055;0
2016-11-29 06:56:17;289.87603;0
2016-11-29 07:00:19;289.745905;0
2016-11-29 07:04:17;290.262255;0
2016-11-29 07:08:18;289.96498;0
2016-11-29 07:12:17;289.895765;0
2016-11-29 07:16:20;290.081845;0
2016-11-29 07:20:19;289.658375;0
2016-11-29 07:24:19;289.9204;0
2016-11-29 07:28:19;290.097575;0
2016-11-29 07:32:20;289.890905;0
2016-11-29 07:36:20;289.89596;0
2016-11-29 07:40:20;289.94821;0
2016-11-29 07:44:17;289.41551;0
2016-11-29 07:48:19;290.02498;0
2016-11-29 07:52:17;289.55477;0
2016-11-29 07:56:19;289.965685;0
2016-11-29 08:00:20;289.87789;0
2016-11-29 08:04:19;290.00226;0
2016-11-29 08:08:17;290.103255;0
2016-11-29 08:12:17;290.3319;0
2016-11-29 08:16:17;289.793035;0
2016-11-29 08:20:19;289.869055;0
2016-11-29 08:24:18;290.239755;0
2016-11-29 08:28:18;290.281595;0
2016-11-29 08:32:20;290.05542;0
2016-11-29 08:36:18;289.36667;0
2016-11-29 08:40:20;290.105815;0
2016-11-29 08:44:18;289.861075;0
2016-11-29 08:48:19;289.914955;0
2016-11-29 08:52:18;289.823165;0
2016-11-29 08:56:17;289.59362;0
2016-11-29 09:00:20;289.843095;0
2016-11-29 09:04:20;289.627125;0
2016-11-29 09:08:17;289.262995;0
2016-11-29 09:12:20;289.7913;0
2016-11-29 09:16:20;289.47482;0
2016-11-29 09:20:18;289.75524;0
2016-11-29 09:24:19;289.71269;0
2016-11-29 09:28:20;290.102545;0
2016-11-29 09:32:19;289.368535;0
2016-11-29 09:36:18;289.825595;0
2016-11-29 09:40:20;289.83932;0
2016-11-29 09:44:19;289.92313;0
2016-11-29 09:48:19;289.942365;0
2016-11-29 09:52:17;289.82485;0
2016-11-29 09:56:19;289.457895;0
2016-11-29 10:00:20;289.662455;0
2016-11-29 10:04:19;289.82919;0
2016-11-29 10:08:19;290.868955;0
2016-11-29 10:12:19;289.81311;0
2016-11-29 10:16:19;289.725;0
2016-11-29 10:20:20;289.64368;0
2016-11-29 10:24:20;290.200795;0
2016-11-29 10:28:20;290.225865;0
2016-11-29 10:32:19;289.31638;0
2016-11-29 10:36:18;289.61739;0
2016-11-29 10:40:18;297.518565;0
2016-11-29 10:44:19;290.009655;0
2016-11-29 10:48:17;289.880805;0
2016-11-29 10:52:17;289.54555;0
2016-11-29 10:56:19;293.431655;0
2016-11-29 11:00:17;289.630905;0
2016-11-29 11:04:19;289.77167;0
2016-11-29 11:08:19;289.80079;0
2016-11-29 11:12:20;289.650835;0
2016-11-29 11:16:19;289.969525;0
2016-11-29 11:20:17;290.145365;0
2016-11-29 11:24:18;289.973245;0
2016-11-29 11:28:20;290.4029;0
2016-11-29 11:32:17;292.65643;0
2016-11-29 11:36:19;289.646725;0
2016-11-29 11:40:19;289.495235;0
2016-11-29 11:44:20;290.21903;0
2016-11-29 11:48:17;289.861315;0
2016-11-29 11:52:18;289.75272;0
2016-11-29 11:56:18;290.05082;0
2016-11-29 12:00:18;290.15144;0
2016-11-29 12:04:20;289.97021;0
2016-11-29 12:08:17;290.02171;0
2016-11-29 12:12:17;289.998115;0
2016-11-29 12:16:19;290.562375;0
2016-11-29 12:20:18;289.707895;0
2016-11-29 12:24:19;290.193605;0
2016-11-29 12:28:19;290.0246;0
2016-11-29 12:32:19;289.717605;0
2016-11-29 12:36:17;289.90007;0
2016-11-29 12:40:17;289.58966;0
2016-11-29 12:44:20;289.934075;0
2016-11-29 12:48:19;289.696665;0
2016-11-29 12:52:20;289.89048;0
2016-11-29 12:56:19;290.10985;0
2016-11-29 13:00:17;290.02909;0
2016-11-29 13:04:18;289.65296;0
2016-11-29 13:08:18;289.802685;0
2016-11-29 13:12:19;289.66738;0
2016-11-29 13:16:19;290.17011;0
2016-11-29 13:20:18;289.984275;0
2016-11-29 13:24:18;295.261245;1
2016-11-29 13:28:18;295.345675;0
2016-11-29 13:32:18;295.69136;0
2016-11-29 13:36:18;295.38695;0
2016-11-29 13:40:20;297.57527;0
2016-11-29 13:44:17;295.4663;0
2016-11-29 13:48:17;295.79596;0
2016-11-29 13:52:19;295.305775;0
2016-11-29 13:56:19;295.7369;0
2016-11-29 14:00:18;295.229055;0
2016-11-29 14:04:20;296.15257;0
2016-11-29 14:08:19;295.226265;0
2016-11-29 14:12:17;295.333265;0
2016-11-29 14:16:20;295.469495;0
2016-11-29 14:20:19;295.544915;0
2016-11-29 14:24:19;295.12688;0
2016-11-29 14:28:18;295.714635;0
2016-11-29 14:32:18;295.27742;0
2016-11-29 14:36:20;295.71737;0
2016-11-29 14:40:17;295.84591;0
2016-11-29 14:44:20;298.451275;0
2016-11-29 14:48:17;295.7345;0
2016-11-29 14:52:17;295.569755;0
2016-11-29 14:56:19;295.38918;0
2016-11-29 15:00:17;295.32846;0
2016-11-29 15:04:17;295.03865;0
2016-11-29 15:08:20;289.832015;1
2016-11-29 15:12:19;290.734325;0
2016-11-29 15:16:20;289.856035;0
2016-11-29 15:20:19;290.095675;0
2016-11-29 15:24:19;289.718795;0
2016-11-29 15:28:17;290.078025;0
2016-11-29 15:32:19;289.2513;0
2016-11-29 15:36:18;289.79861;0
2016-11-29 15:40:17;289.68991;0
2016-11-29 15:44:20;289.487215;0
2016-11-29 15:48:20;289.868505;0
2016-11-29 15:52:17;309.90777;1
2016-11-29 15:56:18;309.303355;0
2016-11-29 16:00:20;309.36903;0
2016-11-29 16:04:17;309.535585;0
2016-11-29 16:08:17;309.66611;0
2016-11-29 16:12:17;309.51558;0
2016-11-29 16:16:17;342.00013;0
2016-11-29 16:20:18;309.77439;0
2016-11-29 16:24:20;310.132625;0
2016-11-29 16:28:19;309.77961;0
2016-11-29 16:32:19;309.69337;0
2016-11-29 16:36:20;309.845535;0
2016-11-29 16:40:17;309.280735;0
2016-11-29 16:44:18;309.596365;0
2016-11-29 16:48:17;309.629745;0
2016-11-29 16:52:17;309.39876;0
2016-11-29 16:56:17;309.28543;0
2016-11-29 17:00:17;309.662695;0
2016-11-29 17:04:19;337.91623;0
2016-11-29 17:08:19;317.707855;0
2016-11-29 17:12:17;326.999205;0
2016-11-29 17:16:19;309.536035;0
2016-11-29 17:20:18;310.2833;0
2016-11-29 17:24:18;309.045155;0
2016-11-29 17:28:20;312.71105;0
2016-11-29 17:32:18;309.401775;0
2016-11-29 17:36:17;309.512895;0
2016-11-29 17:40:18;309.90164;0
2016-11-29 17:44:20;309.479365;0
2016-11-29 17:48:18;309.681125;0
2016-11-29 17:52:17;309.755945;0
2016-11-29 17:56:20;309.561435;0
2016-11-29 18:00:20;309.931905;0
2016-11-29 18:04:20;351.67062;0
2016-11-29 18:08:19;309.87646;0
2016-11-29 18:12:20;309.349465;0
2016-11-29 18:16:20;309.755885;0
2016-11-29 18:20:17;309.91314;0
2016-11-29 18:24:20;310.153805;0
2016-11-29 18:28:17;309.63313;0
2016-11-29 18:32:19;309.332675;0
2016-11-29 18:36:20;309.399575;0
2016-11-29 18:40:18;313.944245;0
2016-11-29 18:44:18;309.777535;0
2016-11-29 18:48:17;310.096015;0
2016-11-29 18:52:19;309.73096;0
2016-11-29 18:56:19;309.87649;0
2016-11-29 19:00:19;313.86549;0
2016-11-29 19:04:19;309.395405;0
2016-11-29 19:08:20;310.2218;0
2016-11-29 19:12:18;311.048745;0
2016-11-29 19:16:20;309.7189;0
2016-11-29 19:20:17;315.354885;0
2016-11-29 19:24:18;309.45867;0
2016-11-29 19:28:19;310.042195;0
2016-11-29 19:32:20;309.60517;0
2016-11-29 19:36:17;309.721335;0
2016-11-29 19:40:20;309.699515;0
2016-11-29 19:44:18;309.86149;0
2016-11-29 19:48:19;309.836225;0
2016-11-29 19:52:19;309.69955;0
2016-11-29 19:56:19;309.939785;0
2016-11-29 20:00:17;310.63146;0
2016-11-29 20:04:17;309.668065;0
2016-11-29 20:08:20;309.65573;0
2016-11-29 20:12:20;309.50605;0
2016-11-29 20:16:20;309.5938;0
2016-11-29 20:20:20;309.261465;0
2016-11-29 20:24:20;309.90419;0
2016-11-29 20:28:19;310.518225;0
2016-11-29 20:32:19;310.37431;0
2016-11-29 20:36:17;310.043625;0
2016-11-29 20:40:18;309.88133;0
2016-11-29 20:44:18;310.48804;0
2016-11-29 20:48:17;310.44206;0
2016-11-29 20:52:17;310.1416;0
2016-11-29 20:56:17;310.014355;0
2016-11-29 21:00:20;311.75627;0
2016-11-29 21:04:17;309.580705;0
2016-11-29 21:08:18;309.37523;0
2016-11-29 21:12:18;309.495965;0
2016-11-29 21:16:20;310.144395;0
2016-11-29 21:20:20;309.86358;0
2016-11-29 21:24:17;310.10384;0
2016-11-29 21:28:18;310.880115;0
2016-11-29 21:32:18;309.081265;0
2016-11-29 21:36:17;310.461575;0
2016-11-29 21:40:20;309.96766;0
2016-11-29 21:44:17;309.35665;0
2016-11-29 21:48:20;310.636625;0
2016-11-29 21:52:19;309.376445;0
2016-11-29 21:56:18;309.76898;0
2016-11-29 22:00:17;309.295945;0
2016-11-29 22:04:18;310.035025;0
2016-11-29 22:08:19;310.859675;0
2016-11-29 22:12:20;309.93112;0
2016-11-29 22:16:19;292.59381;1
2016-11-29 22:20:18;291.912255;0
2016-11-29 22:24:19;292.4375;0
2016-11-29 22:28:20;292.10583;0
2016-11-29 22:32:19;292.508855;0
2016-11-29 22:36:18;292.873645;0
2016-11-29 22:40:17;291.831595;0
2016-11-29 22:44:19;292.564705;0
2016-11-29 22:48:19;292.641775;0
2016-11-29 22:52:17;292.963865;0
2016-11-29 22:56:19;291.816065;0
2016-11-29 23:00:19;291.879645;0
2016-11-29 23:04:17;292.802955;0
2016-11-29 23:08:20;292.574295;0
2016-11-29 23:12:18;295.57844;0
2016-11-29 23:16:20;294.749225;0
2016-11-29 23:20:18;292.40609;0
2016-11-29 23:24:20;293.750065;0
2016-11-29 23:28:17;292.43164;0
2016-11-29 23:32:20;292.39875;0
2016-11-29 23:36:19;292.60912;0
2016-11-29 23:40:17;292.33231;0
2016-11-29 23:44:20;292.86694;0
2016-11-29 23:48:19;292.46435;0
2016-11-29 23:52:18;292.235935;0
2016-11-29 23:56:17;292.049735;0
2016-11-30 00:00:20;291.91963;0
2016-11-30 00:04:17;292.080005;0
2016-11-30 00:08:17;292.06066;0
2016-11-30 00:12:17;292.063215;0
2016-11-30 00:16:19;303.55894;1
2016-11-30 00:20:20;302.93726;0
2016-11-30 00:24:18;305.01787;0
2016-11-30 00:28:17;293.61136;0
2016-11-30 00:32:19;-3;0
2016-11-30 00:36:18;-3;0
2016-11-30 00:40:20;311.948475;0
2016-11-30 00:44:18;309.401675;0
2016-11-30 00:48:20;315.71154;0
2016-11-30 00:52:18;312.45284;0
2016-11-30 00:56:20;313.160015;0
2016-11-30 01:00:18;317.06882;0
2016-11-30 01:04:18;313.145945;0
2016-11-30 01:08:19;317.627085;0
2016-11-30 01:12:17;310.952285;0
2016-11-30 01:16:19;313.41561;0
2016-11-30 01:20:19;317.19481;0
2016-11-30 01:24:18;310.998485;0
2016-11-30 01:28:18;312.95962;0
2016-11-30 01:32:17;316.8597;0
2016-11-30 01:36:19;316.31967;0
2016-11-30 01:40:20;317.63477;0
2016-11-30 01:44:18;314.41198;0
2016-11-30 01:48:18;315.097055;0
2016-11-30 01:52:17;316.24287;0
2016-11-30 01:56:18;316.85741;0
2016-11-30 02:00:19;310.01032;0
2016-11-30 02:04:18;313.08331;0
2016-11-30 02:08:17;292.94707;1
2016-11-30 02:12:17;291.562395;0
2016-11-30 02:16:18;292.057085;0
2016-11-30 02:20:18;291.879695;0
2016-11-30 02:24:20;291.35455;0
2016-11-30 02:28:19;291.379225;0
2016-11-30 02:32:18;291.597335;0
2016-11-30 02:36:20;291.623305;0
2016-11-30 02:40:18;291.52819;0
2016-11-30 02:44:18;291.78534;0
2016-11-30 02:48:18;291.93354;0
2016-11-30 02:52:20;292.034915;0
2016-11-30 02:56:20;291.49611;0
2016-11-30 03:00:19;291.119965;0
2016-11-30 03:04:18;293.91048;0
2016-11-30 03:08:18;291.334825;0
2016-11-30 03:12:18;291.373265;0
2016-11-30 03:16:19;291.520505;0
2016-11-30 03:20:18;291.323105;0
2016-11-30 03:24:19;291.65774;0
2016-11-30 03:28:18;291.67604;0
2016-11-30 03:32:20;291.67864;0
2016-11-30 03:36:19;291.769735;0
2016-11-30 03:40:18;291.999945;0
2016-11-30 03:44:17;291.53181;0
2016-11-30 03:48:17;291.57404;0
2016-11-30 03:52:17;291.854705;0
2016-11-30 03:56:17;293.97328;0
2016-11-30 04:00:19;291.62784;0
2016-11-30 04:04:17;291.745785;0
2016-11-30 04:08:20;291.34638;0
2016-11-30 04:12:20;291.593685;0
2016-11-30 04:16:18;291.496915;0
2016-11-30 04:20:20;291.704005;0
2016-11-30 04:24:18;291.598655;0
2016-11-30 04:28:20;292.033225;0
2016-11-30 04:32:20;291.389885;0
2016-11-30 04:36:20;291.747325;0
2016-11-30 04:40:19;291.62319;0
2016-11-30 04:44:18;291.30551;0
2016-11-30 04:48:19;291.71541;0
2016-11-30 04:52:18;291.533095;0
2016-11-30 04:56:19;291.370165;0
2016-11-30 05:00:19;291.740005;0
2016-11-30 05:04:20;291.54862;0
2016-11-30 05:08:18;291.10341;0
2016-11-30 05:12:20;291.228555;0
2016-11-30 05:16:17;291.878115;0
2016-11-30 05:20:20;291.55119;0
2016-11-30 05:24:18;291.422445;0
2016-11-30 05:28:20;291.39876;0
2016-11-30 05:32:20;291.21312;0
2016-11-30 05:36:18;291.76591;0
2016-11-30 05:40:18;291.21382;0
2016-11-30 05:44:20;291.38914;0
2016-11-30 05:48:20;291.686605;0
2016-11-30 05:52:20;291.241215;0
2016-11-30 05:56:20;291.590105;0
2016-11-30 06:00:17;291.67642;0
2016-11-30 06:04:17;291.70057;0
2016-11-30 06:08:19;291.858125;0
2016-11-30 06:12:17;291.64603;0
2016-11-30 06:16:20;291.770205;0
2016-11-30 06:20:19;291.34732;0
2016-11-30 06:24:20;291.6005;0
2016-11-30 06:28:19;291.792975;0
2016-11-30 06:32:18;291.761155;0
2016-11-30 06:36:19;292.631075;0
2016-11-30 06:40:18;290.91763;0
2016-11-30 06:44:18;292.205485;0
2016-11-30 06:48:17;291.53899;0
2016-11-30 06:52:18;291.4376;0
2016-11-30 06:56:20;291.789475;0
2016-11-30 07:00:18;291.52237;0
2016-11-30 07:04:20;291.64933;0
2016-11-30 07:08:20;291.53486;0
2016-11-30 07:12:18;291.578855;0
2016-11-30 07:16:18;291.4739;0
2016-11-30 07:20:17;291.280495;0
2016-11-30 07:24:19;291.136075;0
2016-11-30 07:28:19;334.412155;1
2016-11-30 07:32:19;338.90347;0
2016-11-30 07:36:19;348.25023;0
2016-11-30 07:40:19;343.216815;0
2016-11-30 07:44:18;333.135135;0
2016-11-30 07:48:20;341.17573;0
2016-11-30 07:52:18;291.717575;1
2016-11-30 07:56:20;291.898765;0
2016-11-30 08:00:18;291.72535;0
2016-11-30 08:04:20;291.132065;0
2016-11-30 08:08:17;291.60124;0
2016-11-30 08:12:18;291.24688;0
2016-11-30 08:16:19;291.310475;0
2016-11-30 08:20:19;308.008485;0
2016-11-30 08:24:20;291.42635;0
2016-11-30 08:28:18;292.10018;0
2016-11-30 08:32:20;291.081055;0
2016-11-30 08:36:19;293.01956;0
2016-11-30 08:40:20;291.72769;0
2016-11-30 08:44:17;291.5446;0
2016-11-30 08:48:20;291.619835;0
2016-11-30 08:52:20;291.40855;0
2016-11-30 08:56:17;291.568595;0
2016-11-30 09:00:18;295.48434;0
2016-11-30 09:04:17;292.825195;0
2016-11-30 09:08:19;291.07105;0
2016-11-30 09:12:18;291.08886;0
2016-11-30 09:16:18;291.38781;0
2016-11-30 09:20:17;292.696525;0
2016-11-30 09:24:17;296.756985;0
2016-11-30 09:28:19;317.1078;0
2016-11-30 09:32:19;291.290935;0
2016-11-30 09:36:18;291.389965;0
2016-11-30 09:40:18;291.943115;0
2016-11-30 09:44:19;291.200445;0
2016-11-30 09:48:20;292.08096;0
2016-11-30 09:52:18;291.77771;0
2016-11-30 09:56:19;291.366425;0
2016-11-30 10:00:20;291.395995;0
2016-11-30 10:04:18;291.27941;0
2016-11-30 10:08:20;292.419465;0
2016-11-30 10:12:19;291.379585;0
2016-11-30 10:16:18;391.99689;0
2016-11-30 10:20:20;291.360105;0
2016-11-30 10:24:18;291.37246;0
2016-11-30 10:28:18;291.42646;0
2016-11-30 10:32:17;291.48293;0
2016-11-30 10:36:20;291.750985;0
2016-11-30 10:40:18;291.401685;0
2016-11-30 10:44:18;292.013585;0
2016-11-30 10:48:20;291.72794;0
2016-11-30 10:52:18;291.360365;0
2016-11-30 10:56:17;291.48173;0
2016-11-30 11:00:17;291.48148;0
2016-11-30 11:04:17;291.098685;0
2016-11-30 11:08:18;291.56342;0
2016-11-30 11:12:19;291.283865;0
2016-11-30 11:16:19;292.40394;0
2016-11-30 11:20:17;291.361195;0
2016-11-30 11:24:20;292.712515;0
2016-11-30 11:28:18;292.25783;0
2016-11-30 11:32:19;291.33382;0
2016-11-30 11:36:17;293.811505;0
2016-11-30 11:40:20;292.47779;0
2016-11-30 11:44:17;292.403805;0
2016-11-30 11:48:17;291.39078;0
2016-11-30 11:52:18;292.18103;0
2016-11-30 11:56:20;291.038025;0
2016-11-30 12:00:19;291.439575;0
2016-11-30 12:04:18;291.360005;0
2016-11-30 12:08:18;291.579095;0
2016-11-30 12:12:17;291.431365;0
2016-11-30 12:16:17;291.130875;0
2016-11-30 12:20:19;291.728145;0
2016-11-30 12:24:19;292.13131;0
2016-11-30 12:28:18;291.47744;0
2016-11-30 12:32:19;291.802435;0
2016-11-30 12:36:17;291.68121;0
2016-11-30 12:40:17;291.54037;0
2016-11-30 12:44:18;290.90268;0
2016-11-30 12:48:20;291.48507;0
2016-11-30 12:52:19;291.285075;0
2016-11-30 12:56:17;291.34164;0
2016-11-30 13:00:18;291.76838;0
2016-11-30 13:04:19;291.676555;0
2016-11-30 13:08:17;291.466665;0
2016-11-30 13:12:20;291.617425;0
2016-11-30 13:16:19;291.70046;0
2016-11-30 13:20:20;291.723665;0
2016-11-30 13:24:20;291.82507;0
2016-11-30 13:28:20;291.86657;0
2016-11-30 13:32:18;291.85647;0
2016-11-30 13:36:17;291.765295;0
2016-11-30 13:40:19;291.59859;0
2016-11-30 13:44:17;292.14309;0
2016-11-30 13:48:19;291.8447;0
2016-11-30 13:52:19;291.416285;0
2016-11-30 13:56:19;291.476565;0
2016-11-30 14:00:20;291.72459;0
2016-11-30 14:04:17;291.164985;0
2016-11-30 14:08:20;291.102035;0
2016-11-30 14:12:18;291.618935;0
2016-11-30 14:16:19;291.380375;0
2016-11-30 14:20:18;291.59805;0
2016-11-30 14:24:19;291.37626;0
2016-11-30 14:28:17;291.379175;0
2016-11-30 14:32:17;292.179755;0
2016-11-30 14:36:17;291.355655;0
2016-11-30 14:40:17;291.351735;0
2016-11-30 14:44:20;291.091935;0
2016-11-30 14:48:18;291.628995;0
2016-11-30 14:52:17;292.236925;0
2016-11-30 14:56:17;291.359395;0
2016-11-30 15:00:17;291.53811;0
2016-11-30 15:04:18;292.096925;0
2016-11-30 15:08:17;291.49299;0
2016-11-30 15:12:19;291.67968;0
2016-11-30 15:16:19;291.33722;0
2016-11-30 15:20:17;291.68084;0
2016-11-30 15:24:18;292.976755;0
2016-11-30 15:28:17;293.386595;0
2016-11-30 15:32:19;291.24743;0
2016-11-30 15:36:17;294.50742;0
2016-11-30 15:40:20;291.908135;0
2016-11-30 15:44:18;291.225135;0
2016-11-30 15:48:20;291.258835;0
2016-11-30 15:52:18;307.454655;1
2016-11-30 15:56:19;307.44148;0
2016-11-30 16:00:19;307.61051;0
2016-11-30 16:04:19;307.79883;0
2016-11-30 16:08:20;309.305135;0
2016-11-30 16:12:17;309.755825;0
2016-11-30 16:16:20;309.9336;0
2016-11-30 16:20:18;309.470475;0
2016-11-30 16:24:20;360.982275;0
2016-11-30 16:28:19;309.17124;0
2016-11-30 16:32:20;309.19152;0
2016-11-30 16:36:17;309.456905;0
2016-11-30 16:40:19;309.675495;0
2016-11-30 16:44:20;309.451425;0
2016-11-30 16:48:18;309.37079;0
2016-11-30 16:52:18;309.190935;0
2016-11-30 16:56:19;309.61892;0
2016-11-30 17:00:17;309.66175;0
2016-11-30 17:04:18;309.13621;0
2016-11-30 17:08:19;309.3802;0
2016-11-30 17:12:17;310.0657;0
2016-11-30 17:16:17;309.6888;0
2016-11-30 17:20:18;309.30445;0
2016-11-30 17:24:20;309.44786;0
2016-11-30 17:28:17;309.148645;0
2016-11-30 17:32:19;311.52039;0
2016-11-30 17:36:17;309.80071;0
2016-11-30 17:40:19;308.90184;0
2016-11-30 17:44:18;309.7289;0
2016-11-30 17:48:18;309.870035;0
2016-11-30 17:52:20;310.098735;0
2016-11-30 17:56:17;309.279495;0
2016-11-30 18:00:20;309.43805;0
2016-11-30 18:04:17;309.381665;0
2016-11-30 18:08:20;309.295255;0
2016-11-30 18:12:18;309.88424;0
2016-11-30 18:16:18;309.572555;0
2016-11-30 18:20:20;309.243765;0
2016-11-30 18:24:18;309.851325;0
2016-11-30 18:28:19;309.8914;0
2016-11-30 18:32:20;309.59115;0
2016-11-30 18:36:19;309.09287;0
2016-11-30 18:40:19;309.26864;0
2016-11-30 18:44:19;309.44417;0
2016-11-30 18:48:18;309.38065;0
2016-11-30 18:52:20;308.988885;0
2016-11-30 18:56:18;309.47;0
2016-11-30 19:00:18;310.57787;0
2016-11-30 19:04:18;309.7943;0
2016-11-30 19:08:18;311.587765;1
2016-11-30 19:12:19;355.14767;0
2016-11-30 19:16:20;355.550985;0
2016-11-30 19:20:20;355.275495;0
2016-11-30 19:24:20;355.172735;0
2016-11-30 19:28:20;360.43705;0
2016-11-30 19:32:20;358.40771;0
2016-11-30 19:36:20;336.684895;0
2016-11-30 19:40:17;312.65091;1
2016-11-30 19:44:18;311.847365;0
2016-11-30 19:48:17;309.36156;0
2016-11-30 19:52:19;309.71657;0
2016-11-30 19:56:19;309.79673;0
2016-11-30 20:00:17;309.59925;0
2016-11-30 20:04:17;311.498645;0
2016-11-30 20:08:20;309.74056;0
2016-11-30 20:12:19;312.05149;0
2016-11-30 20:16:20;309.582555;0
2016-11-30 20:20:20;309.420885;0
2016-11-30 20:24:20;309.46546;0
2016-11-30 20:28:20;309.62199;0
2016-11-30 20:32:17;309.3187;0
2016-11-30 20:36:20;309.586385;0
2016-11-30 20:40:17;309.357015;0
2016-11-30 20:44:18;309.36326;0
2016-11-30 20:48:17;309.441375;0
2016-11-30 20:52:18;309.48921;0
2016-11-30 20:56:17;309.413;0
2016-11-30 21:00:17;309.437625;0
2016-11-30 21:04:18;309.687905;0
2016-11-30 21:08:20;310.01451;0
2016-11-30 21:12:20;309.36355;0
2016-11-30 21:16:20;309.46244;0
2016-11-30 21:20:17;309.697155;0
2016-11-30 21:24:20;309.15164;0
2016-11-30 21:28:20;309.978615;0
2016-11-30 21:32:18;309.500365;0
2016-11-30 21:36:18;309.238925;0
2016-11-30 21:40:20;309.585315;0
2016-11-30 21:44:20;309.64223;0
2016-11-30 21:48:18;308.85071;0
2016-11-30 21:52:17;309.76083;0
2016-11-30 21:56:17;309.569155;0
2016-11-30 22:00:19;309.393685;0
2016-11-30 22:04:19;309.6004;0
2016-11-30 22:08:17;309.87692;0
2016-11-30 22:12:17;309.566025;0
2016-11-30 22:16:17;289.634785;1
2016-11-30 22:20:17;292.47393;0
2016-11-30 22:24:20;291.80566;0
2016-11-30 22:28:19;289.773135;0
2016-11-30 22:32:17;289.66433;0
2016-11-30 22:36:17;289.85718;0
2016-11-30 22:40:19;289.6877;0
2016-11-30 22:44:19;289.99662;0
2016-11-30 22:48:19;289.5645;0
2016-11-30 22:52:20;289.836845;0
2016-11-30 22:56:17;289.877775;0
2016-11-30 23:00:18;290.10065;0
2016-11-30 23:04:20;289.57419;0
2016-11-30 23:08:20;291.759365;0
2016-11-30 23:12:17;289.73403;0
2016-11-30 23:16:19;290.33936;0
2016-11-30 23:20:17;291.16182;0
2016-11-30 23:24:18;289.748855;0
2016-11-30 23:28:18;289.200805;0
2016-11-30 23:32:20;289.659485;0
2016-11-30 23:36:19;289.68767;0
2016-11-30 23:40:18;290.202995;0
2016-11-30 23:44:20;290.09653;0
2016-11-30 23:48:20;291.716755;0
2016-11-30 23:52:20;295.267105;0
2016-11-30 23:56:20;289.879895;0
2016-12-01 00:00:18;289.971785;0
2016-12-01 00:04:20;289.722845;0
2016-12-01 00:08:20;289.487485;0
2016-12-01 00:12:19;289.875285;0
2016-12-01 00:16:17;292.304165;0
2016-12-01 00:20:20;291.570795;0
2016-12-01 00:24:18;290.10459;0
2016-12-01 00:28:19;289.981645;0
2016-12-01 00:32:20;289.728275;0
2016-12-01 00:36:19;291.21961;0
2016-12-01 00:40:17;332.369015;1
2016-12-01 00:44:18;302.37653;0
2016-12-01 00:48:20;299.874345;0
2016-12-01 00:52:20;301.427535;0
2016-12-01 00:56:18;290.83224;0
2016-12-01 01:00:17;291.95998;0
2016-12-01 01:04:18;312.805475;1
2016-12-01 01:08:20;310.991255;0
2016-12-01 01:12:17;312.37664;0
2016-12-01 01:16:20;314.19945;0
2016-12-01 01:20:20;314.577485;0
2016-12-01 01:24:18;313.49839;0
2016-12-01 01:28:19;312.37141;0
2016-12-01 01:32:18;314.105095;0
2016-12-01 01:36:17;309.257365;0
2016-12-01 01:40:20;310.161425;0
2016-12-01 01:44:18;312.33255;0
2016-12-01 01:48:20;309.053755;0
2016-12-01 01:52:17;311.490765;0
2016-12-01 01:56:20;310.906965;0
2016-12-01 02:00:19;311.92704;0
2016-12-01 02:04:17;313.852685;0
2016-12-01 02:08:17;311.952215;0
2016-12-01 02:12:19;312.791195;0
2016-12-01 02:16:18;316.09619;0
2016-12-01 02:20:18;317.79368;0
2016-12-01 02:24:17;313.508735;0
2016-12-01 02:28:20;323.148955;0
2016-12-01 02:32:18;315.81996;0
2016-12-01 02:36:18;318.24477;0
